date,sku,units,revenue
2026-06-04,CND-VAN-200,9,126.00
2026-06-04,CND-LAV-200,4,56.00
2026-06-05,CND-VAN-200,10,140.00
2026-06-05,CND-LAV-200,6,84.00
2026-06-06,CND-VAN-200,10,140.00
2026-06-06,CND-LAV-200,5,70.00
2026-06-07,CND-VAN-200,11,154.00
2026-06-07,CND-LAV-200,4,56.00
2026-06-08,CND-VAN-200,11,154.00
2026-06-08,CND-LAV-200,6,84.00
2026-06-09,CND-VAN-200,11,154.00
2026-06-09,CND-LAV-200,5,70.00
2026-06-10,CND-VAN-200,11,154.00
2026-06-10,CND-LAV-200,4,56.00
2026-06-11,CND-VAN-200,10,140.00
2026-06-11,CND-LAV-200,6,84.00
2026-06-12,CND-VAN-200,10,140.00
2026-06-12,CND-LAV-200,5,70.00
2026-06-13,CND-VAN-200,9,126.00
2026-06-13,CND-LAV-200,4,56.00
2026-06-14,CND-VAN-200,8,112.00
2026-06-14,CND-LAV-200,6,84.00
2026-06-15,CND-VAN-200,7,98.00
2026-06-15,CND-LAV-200,5,70.00
2026-06-16,CND-VAN-200,6,84.00
2026-06-16,CND-LAV-200,4,56.00
2026-06-17,CND-VAN-200,6,84.00
2026-06-17,CND-LAV-200,6,84.00
2026-06-18,CND-VAN-200,5,70.00
2026-06-18,CND-LAV-200,5,70.00
2026-06-19,CND-VAN-200,5,70.00
2026-06-19,CND-LAV-200,4,56.00
2026-06-20,CND-VAN-200,5,70.00
2026-06-20,CND-LAV-200,6,84.00
2026-06-21,CND-VAN-200,5,70.00
2026-06-21,CND-LAV-200,5,70.00
2026-06-22,CND-VAN-200,6,84.00
2026-06-22,CND-LAV-200,4,56.00
2026-06-23,CND-VAN-200,6,84.00
2026-06-23,CND-LAV-200,6,84.00
2026-06-24,CND-VAN-200,7,98.00
2026-06-24,CND-LAV-200,5,70.00
2026-06-25,CND-VAN-200,8,112.00
2026-06-25,CND-LAV-200,4,56.00
2026-06-26,CND-VAN-200,9,126.00
2026-06-26,CND-LAV-200,6,84.00
2026-06-27,CND-VAN-200,10,140.00
2026-06-27,CND-LAV-200,5,70.00
2026-06-28,CND-VAN-200,10,140.00
2026-06-28,CND-LAV-200,4,56.00
2026-06-29,CND-VAN-200,11,154.00
2026-06-29,CND-LAV-200,6,84.00
2026-06-30,CND-VAN-200,11,154.00
2026-06-30,CND-LAV-200,5,70.00
2026-07-01,CND-VAN-200,11,154.00
2026-07-01,CND-LAV-200,4,56.00
2026-07-02,CND-VAN-200,11,154.00
2026-07-02,CND-LAV-200,6,84.00
2026-07-03,CND-VAN-200,10,140.00
2026-07-03,CND-LAV-200,5,70.00
2026-07-04,CND-VAN-200,10,140.00
2026-07-04,CND-LAV-200,4,56.00
2026-07-05,CND-VAN-200,9,126.00
2026-07-05,CND-LAV-200,6,84.00
2026-07-06,CND-VAN-200,8,112.00
2026-07-06,CND-LAV-200,5,70.00
2026-07-07,CND-VAN-200,7,98.00
2026-07-07,CND-LAV-200,4,56.00
2026-07-08,CND-VAN-200,6,84.00
2026-07-08,CND-LAV-200,6,84.00
2026-07-09,CND-VAN-200,6,84.00
2026-07-09,CND-LAV-200,5,70.00
2026-07-10,CND-VAN-200,5,70.00
2026-07-10,CND-LAV-200,4,56.00
2026-07-11,CND-VAN-200,5,70.00
2026-07-11,CND-LAV-200,6,84.00
2026-07-12,CND-VAN-200,5,70.00
2026-07-12,CND-LAV-200,5,70.00
2026-07-13,CND-VAN-200,5,70.00
2026-07-13,CND-LAV-200,4,56.00
2026-07-14,CND-VAN-200,6,84.00
2026-07-14,CND-LAV-200,6,84.00
2026-07-15,CND-VAN-200,6,84.00
2026-07-15,CND-LAV-200,5,70.00
2026-07-16,CND-VAN-200,7,98.00
2026-07-16,CND-LAV-200,4,56.00
2026-07-17,CND-VAN-200,8,112.00
2026-07-17,CND-LAV-200,6,84.00
2026-07-18,CND-VAN-200,9,126.00
2026-07-18,CND-LAV-200,5,70.00
2026-07-19,CND-VAN-200,10,140.00
2026-07-19,CND-LAV-200,4,56.00
2026-07-20,CND-VAN-200,10,140.00
2026-07-20,CND-LAV-200,6,84.00
2026-07-21,CND-VAN-200,11,154.00
2026-07-21,CND-LAV-200,5,70.00
2026-07-22,CND-VAN-200,11,154.00
2026-07-22,CND-LAV-200,4,56.00
2026-07-23,CND-VAN-200,11,154.00
2026-07-23,CND-LAV-200,6,84.00
2026-07-24,CND-VAN-200,11,154.00
2026-07-24,CND-LAV-200,5,70.00
2026-07-25,CND-VAN-200,10,140.00
2026-07-25,CND-LAV-200,4,56.00
2026-07-26,CND-VAN-200,10,140.00
2026-07-26,CND-LAV-200,6,84.00
2026-07-27,CND-VAN-200,9,126.00
2026-07-27,CND-LAV-200,5,70.00
2026-07-28,CND-VAN-200,8,112.00
2026-07-28,CND-LAV-200,4,56.00
2026-07-29,CND-VAN-200,7,98.00
2026-07-29,CND-LAV-200,6,84.00
2026-07-30,CND-VAN-200,6,84.00
2026-07-30,CND-LAV-200,5,70.00
2026-07-31,CND-VAN-200,6,84.00
2026-07-31,CND-LAV-200,4,56.00
2026-08-01,CND-VAN-200,5,70.00
2026-08-01,CND-LAV-200,6,84.00
2026-08-02,CND-VAN-200,5,70.00
2026-08-02,CND-LAV-200,5,70.00
2026-08-03,CND-VAN-200,5,70.00
2026-08-03,CND-LAV-200,4,56.00
2026-08-04,CND-VAN-200,5,70.00
2026-08-04,CND-LAV-200,6,84.00
2026-08-05,CND-VAN-200,6,84.00
2026-08-05,CND-LAV-200,5,70.00
2026-08-06,CND-VAN-200,6,84.00
2026-08-06,CND-LAV-200,4,56.00
2026-08-07,CND-VAN-200,7,98.00
2026-08-07,CND-LAV-200,6,84.00
2026-08-08,CND-VAN-200,8,112.00
2026-08-08,CND-LAV-200,5,70.00
2026-08-09,CND-VAN-200,9,126.00
2026-08-09,CND-LAV-200,4,56.00
2026-08-10,CND-VAN-200,10,140.00
2026-08-10,CND-LAV-200,6,84.00
2026-08-11,CND-VAN-200,10,140.00
2026-08-11,CND-LAV-200,5,70.00
2026-08-12,CND-VAN-200,11,154.00
2026-08-12,CND-LAV-200,4,56.00
2026-08-13,CND-VAN-200,11,154.00
2026-08-13,CND-LAV-200,6,84.00
2026-08-14,CND-VAN-200,11,154.00
2026-08-14,CND-LAV-200,5,70.00
2026-08-15,CND-VAN-200,11,154.00
2026-08-15,CND-LAV-200,4,56.00
2026-08-16,CND-VAN-200,10,140.00
2026-08-16,CND-LAV-200,6,84.00
2026-08-17,CND-VAN-200,10,140.00
2026-08-17,CND-LAV-200,5,70.00
2026-08-18,CND-VAN-200,9,126.00
2026-08-18,CND-LAV-200,4,56.00
2026-08-19,CND-VAN-200,8,112.00
2026-08-19,CND-LAV-200,6,84.00
2026-08-20,CND-VAN-200,7,98.00
2026-08-20,CND-LAV-200,5,70.00
2026-08-21,CND-VAN-200,6,84.00
2026-08-21,CND-LAV-200,4,56.00
2026-08-22,CND-VAN-200,6,84.00
2026-08-22,CND-LAV-200,6,84.00
2026-08-23,CND-VAN-200,5,70.00
2026-08-23,CND-LAV-200,5,70.00
2026-08-24,CND-VAN-200,5,70.00
2026-08-24,CND-LAV-200,4,56.00
2026-08-25,CND-VAN-200,5,70.00
2026-08-25,CND-LAV-200,6,84.00
2026-08-26,CND-VAN-200,5,70.00
2026-08-26,CND-LAV-200,5,70.00
2026-08-27,CND-VAN-200,6,84.00
2026-08-27,CND-LAV-200,4,56.00
2026-08-28,CND-VAN-200,6,84.00
2026-08-28,CND-LAV-200,6,84.00
2026-08-29,CND-VAN-200,7,98.00
2026-08-29,CND-LAV-200,5,70.00
2026-08-30,CND-VAN-200,8,112.00
2026-08-30,CND-LAV-200,4,56.00
2026-08-31,CND-VAN-200,9,126.00
2026-08-31,CND-LAV-200,6,84.00
2026-09-01,CND-VAN-200,10,140.00
2026-09-01,CND-LAV-200,5,70.00
2026-09-02,CND-VAN-200,10,140.00
2026-09-02,CND-LAV-200,4,56.00
2026-09-03,CND-VAN-200,11,154.00
2026-09-03,CND-LAV-200,6,84.00
2026-09-04,CND-VAN-200,11,154.00
2026-09-04,CND-LAV-200,5,70.00
2026-09-05,CND-VAN-200,11,154.00
2026-09-05,CND-LAV-200,4,56.00
2026-09-06,CND-VAN-200,11,154.00
2026-09-06,CND-LAV-200,6,84.00
2026-09-07,CND-VAN-200,10,140.00
2026-09-07,CND-LAV-200,5,70.00
2026-09-08,CND-VAN-200,10,140.00
2026-09-08,CND-LAV-200,4,56.00
2026-09-09,CND-VAN-200,9,126.00
2026-09-09,CND-LAV-200,6,84.00
2026-09-10,CND-VAN-200,8,112.00
2026-09-10,CND-LAV-200,5,70.00
2026-09-11,CND-VAN-200,7,98.00
2026-09-11,CND-LAV-200,4,56.00
2026-09-12,CND-VAN-200,6,84.00
2026-09-12,CND-LAV-200,6,84.00
2026-09-13,CND-VAN-200,6,84.00
2026-09-13,CND-LAV-200,5,70.00
2026-09-14,CND-VAN-200,5,70.00
2026-09-14,CND-LAV-200,4,56.00
2026-09-15,CND-VAN-200,5,70.00
2026-09-15,CND-LAV-200,6,84.00
2026-09-16,CND-VAN-200,5,70.00
2026-09-16,CND-LAV-200,5,70.00
2026-09-17,CND-VAN-200,5,70.00
2026-09-17,CND-LAV-200,4,56.00
2026-09-18,CND-VAN-200,6,84.00
2026-09-18,CND-LAV-200,6,84.00
2026-09-19,CND-VAN-200,6,84.00
2026-09-19,CND-LAV-200,5,70.00
2026-09-20,CND-VAN-200,7,98.00
2026-09-20,CND-LAV-200,4,56.00
2026-09-21,CND-VAN-200,8,112.00
2026-09-21,CND-LAV-200,6,84.00
2026-09-22,CND-VAN-200,9,126.00
2026-09-22,CND-LAV-200,5,70.00
2026-09-23,CND-VAN-200,10,140.00
2026-09-23,CND-LAV-200,4,56.00
2026-09-24,CND-VAN-200,10,140.00
2026-09-24,CND-LAV-200,6,84.00
2026-09-25,CND-VAN-200,11,154.00
2026-09-25,CND-LAV-200,5,70.00
2026-09-26,CND-VAN-200,11,154.00
2026-09-26,CND-LAV-200,4,56.00
2026-09-27,CND-VAN-200,11,154.00
2026-09-27,CND-LAV-200,6,84.00
2026-09-28,CND-VAN-200,11,154.00
2026-09-28,CND-LAV-200,5,70.00
2026-09-29,CND-VAN-200,10,140.00
2026-09-29,CND-LAV-200,4,56.00
2026-09-30,CND-VAN-200,10,140.00
2026-09-30,CND-LAV-200,6,84.00
2026-10-01,CND-VAN-200,9,126.00
2026-10-01,CND-LAV-200,5,70.00
